{
  "bce": [
    0.8166683316230774,
    0.6805264353752136,
    0.6695118546485901,
    0.6662771701812744,
    0.6663619875907898,
    0.6642497181892395,
    0.6633064150810242,
    0.6655230522155762,
    0.6654955148696899
  ],
  "rmse": [
    0.2907686233520508,
    0.22432003915309906,
    0.21185213327407837,
    0.20802561938762665,
    0.2081565260887146,
    0.20565825700759888,
    0.20458261668682098,
    0.2071738839149475,
    0.20700211822986603
  ],
  "val_bce": [
    0.9597993493080139,
    0.6686077117919922,
    0.6665756106376648,
    0.6621770262718201,
    0.659951388835907,
    0.6611219048500061,
    0.6607738733291626,
    0.6601726412773132,
    0.658302366733551
  ],
  "val_rmse": [
    0.3972950577735901,
    0.21387392282485962,
    0.2118244767189026,
    0.20663191378116608,
    0.20407521724700928,
    0.20542499423027039,
    0.204945906996727,
    0.20431505143642426,
    0.202165886759758
  ],
  "epoch": [
    1,
    2,
    3,
    4,
    5,
    6,
    7,
    8,
    9
  ]
}