{
  "bce": [
    0.8166701793670654,
    0.6805269718170166,
    0.6695107221603394,
    0.6662774682044983,
    0.6663610935211182,
    0.6642496585845947,
    0.6633058190345764,
    0.6655263304710388,
    0.6654960513114929
  ],
  "rmse": [
    0.29077017307281494,
    0.22432070970535278,
    0.21185076236724854,
    0.208025723695755,
    0.2081555426120758,
    0.20565824210643768,
    0.2045818418264389,
    0.20717766880989075,
    0.20700271427631378
  ],
  "val_bce": [
    0.9597396850585938,
    0.6685742735862732,
    0.6664853692054749,
    0.6621314287185669,
    0.659932017326355,
    0.6610968112945557,
    0.6607775092124939,
    0.6601721048355103,
    0.6583004593849182
  ],
  "val_rmse": [
    0.39727210998535156,
    0.21383412182331085,
    0.21172009408473969,
    0.20657840371131897,
    0.20405253767967224,
    0.20539534091949463,
    0.20494887232780457,
    0.20431391894817352,
    0.20216365158557892
  ],
  "epoch": [
    1,
    2,
    3,
    4,
    5,
    6,
    7,
    8,
    9
  ]
}