{
  "bce": [
    0.8206877708435059,
    0.6872490048408508,
    0.6732938289642334,
    0.668694257736206,
    0.6682420372962952,
    0.6646311283111572,
    0.6642224192619324,
    0.6652324199676514,
    0.6648518443107605
  ],
  "rmse": [
    0.298488050699234,
    0.23157314956188202,
    0.2162049561738968,
    0.2108852118253708,
    0.2103419005870819,
    0.20608779788017273,
    0.2056201547384262,
    0.20683227479457855,
    0.20626994967460632
  ],
  "val_bce": [
    1.1306273937225342,
    0.6766864061355591,
    0.670172929763794,
    0.6652567982673645,
    0.6621376276016235,
    0.6626778244972229,
    0.6611289381980896,
    0.6605848073959351,
    0.6601429581642151
  ],
  "val_rmse": [
    0.4544859826564789,
    0.2227381020784378,
    0.21593600511550903,
    0.21022747457027435,
    0.20659972727298737,
    0.20722472667694092,
    0.2054067999124527,
    0.20482175052165985,
    0.20429538190364838
  ],
  "epoch": [
    1,
    2,
    3,
    4,
    5,
    6,
    7,
    8,
    9
  ]
}